  <root>
  <!-->
  sensor id 0
  <-->
      <CameraModuleCfg>
        <SlotId>0</SlotId>
        <SensorName>ov13855</SensorName>
        <Facing>BACK</Facing>
        <Orientation>90</Orientation>
        <Resource_cost>55</Resource_cost>
        <SensorRole>dualcam_master</SensorRole>
        <VCM>
            <AfName>dw9763</AfName>
            <Mode>0</Mode>
        </VCM>
        <TuningParameter>
            <TuningName>ov13855_back_main</TuningName>
        </TuningParameter>
      </CameraModuleCfg>
  <!-->
  sensor id 1
  <-->
      <CameraModuleCfg>
        <SlotId>1</SlotId>
        <SensorName>ov8856_front</SensorName>
        <Facing>FRONT</Facing>
        <Orientation>270</Orientation>
        <Resource_cost>45</Resource_cost>
        <TuningParameter>
            <TuningName>ov8856_back_ultrawide</TuningName>
        </TuningParameter>
      </CameraModuleCfg>
  <!-->
  sensor id 2
  <-->
      <CameraModuleCfg>
        <SlotId>2</SlotId>
        <SensorName>ov13855_dual</SensorName>
        <Facing>BACK</Facing>
        <Orientation>90</Orientation>
        <Resource_cost>45</Resource_cost>
        <SensorRole>dualcam_slave</SensorRole>
        <TuningParameter>
            <TuningName>ov13855_back_slave</TuningName>
        </TuningParameter>
      </CameraModuleCfg>
  <!-->
  sensor id 3
  <-->
      <CameraModuleCfg>
        <SlotId>3</SlotId>
        <SensorName>ov8856_xl_front</SensorName>
        <Facing>FRONT</Facing>
        <Orientation>270</Orientation>
        <Resource_cost>45</Resource_cost>
        <SensorRole>dualcam_slave</SensorRole>
        <TuningParameter>
            <TuningName>ov8856_front_dual</TuningName>
        </TuningParameter>
      </CameraModuleCfg>
 </root>
